--
-- PostgreSQL database dump
--

-- Dumped from database version 9.6.1
-- Dumped by pg_dump version 9.6.1

SET statement_timeout = 0;
SET lock_timeout = 0;
SET idle_in_transaction_session_timeout = 0;
SET client_encoding = 'UTF8';
SET standard_conforming_strings = on;
SET check_function_bodies = false;
SET client_min_messages = warning;
SET row_security = off;

--
-- Name: plpgsql; Type: EXTENSION; Schema: -; Owner: 
--

CREATE EXTENSION IF NOT EXISTS plpgsql WITH SCHEMA pg_catalog;


--
-- Name: EXTENSION plpgsql; Type: COMMENT; Schema: -; Owner: 
--

COMMENT ON EXTENSION plpgsql IS 'PL/pgSQL procedural language';


SET search_path = public, pg_catalog;

SET default_tablespace = '';

SET default_with_oids = false;

--
-- Name: ar_internal_metadata; Type: TABLE; Schema: public; Owner: flatironschool
--

CREATE TABLE ar_internal_metadata (
    key character varying NOT NULL,
    value character varying,
    created_at timestamp without time zone NOT NULL,
    updated_at timestamp without time zone NOT NULL
);


ALTER TABLE ar_internal_metadata OWNER TO flatironschool;

--
-- Name: schema_migrations; Type: TABLE; Schema: public; Owner: flatironschool
--

CREATE TABLE schema_migrations (
    version character varying NOT NULL
);


ALTER TABLE schema_migrations OWNER TO flatironschool;

--
-- Name: tier_lists; Type: TABLE; Schema: public; Owner: flatironschool
--

CREATE TABLE tier_lists (
    id integer NOT NULL,
    user_id integer,
    title character varying,
    list_type integer,
    description text,
    upvotes integer DEFAULT 0,
    tier_positions jsonb DEFAULT '[]'::jsonb,
    created_at timestamp without time zone NOT NULL,
    updated_at timestamp without time zone NOT NULL
);


ALTER TABLE tier_lists OWNER TO flatironschool;

--
-- Name: tier_lists_id_seq; Type: SEQUENCE; Schema: public; Owner: flatironschool
--

CREATE SEQUENCE tier_lists_id_seq
    START WITH 1
    INCREMENT BY 1
    NO MINVALUE
    NO MAXVALUE
    CACHE 1;


ALTER TABLE tier_lists_id_seq OWNER TO flatironschool;

--
-- Name: tier_lists_id_seq; Type: SEQUENCE OWNED BY; Schema: public; Owner: flatironschool
--

ALTER SEQUENCE tier_lists_id_seq OWNED BY tier_lists.id;


--
-- Name: users; Type: TABLE; Schema: public; Owner: flatironschool
--

CREATE TABLE users (
    id integer NOT NULL,
    user_name character varying,
    email character varying,
    created_at timestamp without time zone NOT NULL,
    updated_at timestamp without time zone NOT NULL
);


ALTER TABLE users OWNER TO flatironschool;

--
-- Name: users_id_seq; Type: SEQUENCE; Schema: public; Owner: flatironschool
--

CREATE SEQUENCE users_id_seq
    START WITH 1
    INCREMENT BY 1
    NO MINVALUE
    NO MAXVALUE
    CACHE 1;


ALTER TABLE users_id_seq OWNER TO flatironschool;

--
-- Name: users_id_seq; Type: SEQUENCE OWNED BY; Schema: public; Owner: flatironschool
--

ALTER SEQUENCE users_id_seq OWNED BY users.id;


--
-- Name: tier_lists id; Type: DEFAULT; Schema: public; Owner: flatironschool
--

ALTER TABLE ONLY tier_lists ALTER COLUMN id SET DEFAULT nextval('tier_lists_id_seq'::regclass);


--
-- Name: users id; Type: DEFAULT; Schema: public; Owner: flatironschool
--

ALTER TABLE ONLY users ALTER COLUMN id SET DEFAULT nextval('users_id_seq'::regclass);


--
-- Data for Name: ar_internal_metadata; Type: TABLE DATA; Schema: public; Owner: flatironschool
--

COPY ar_internal_metadata (key, value, created_at, updated_at) FROM stdin;
environment	test	2017-06-30 21:56:03.587009	2017-06-30 21:56:03.587009
\.


--
-- Data for Name: schema_migrations; Type: TABLE DATA; Schema: public; Owner: flatironschool
--

COPY schema_migrations (version) FROM stdin;
20170618170813
20170618170825
\.


--
-- Data for Name: tier_lists; Type: TABLE DATA; Schema: public; Owner: flatironschool
--

COPY tier_lists (id, user_id, title, list_type, description, upvotes, tier_positions, created_at, updated_at) FROM stdin;
2	1	Clyde's Ladder Tier List	2	Tier list for high trophy ladder play! (5000+)	0	[{"name": "S-tier", "cards": ["Lava Hound", "Miner", "The Log"], "notes": "Miner reigns supreme", "description": "Good cards as long as you have the levels for it"}, {"name": "A-tier", "cards": ["Golem", "Giant"], "notes": "Tank heavy meta", "description": "Still good even if underleveled"}]	2017-06-30 21:56:05.609587	2017-06-30 21:56:05.609587
1	1	Clyde's Tournament Tier List	1	Comprehensive tier list for tournament capped cards. Based on tournament play and challenge play. Bi-weekly tier list!	0	[{"name": "S-tier", "cards": ["Bomber", "Bowler", "Fireball", "Bomb Tower", "Clone", "Heal"], "notes": "Bomber just reached S tier!", "description": "The best cards in the game"}, {"name": "A-tier", "cards": ["Barbarian Hut", "Fire Spirits", "Baby Dragon", "Furnace", "Elixir Collector", "Battle Ram", "Lumberjack"], "notes": "Barbarian Hut might move up soon", "description": "The second best cards in the game"}, {"name": "B-tier", "cards": ["Goblin Barrel", "Lightning", "Goblin Gang", "Goblins"], "notes": "", "description": "The third best cards in the game"}, {"name": "C-tier", "cards": ["Knight"], "notes": "", "description": "The fourth best cards in the game"}]	2017-06-30 21:56:05.604779	2017-07-05 20:41:50.740112
3	2	Bonnie's Tournament Tier List	1	Comprehensive tier list for tournament capped cards. Based on tournament play and challenge play. Bi-weekly tier list!	0	[{"name": "Awesome tier", "cards": ["Bomber", "Bowler", "Bomb Tower"], "notes": "Bomber just reached S tier!", "description": "The best cards in the game"}, {"name": "Great tier", "cards": ["Barbarian Hut", "Baby Dragon"], "notes": "Barbarian Hut might move up soon", "description": "The second best cards in the game"}, {"name": "Good tier", "cards": ["Barbarians", "Battle Ram"], "notes": "", "description": "The third best cards in the game"}, {"name": "Okay tier", "cards": ["Elite Barbarians", "Lightning"], "notes": "", "description": "The fourth best cards in the game"}, {"name": "Bad tier", "cards": ["Lumberjack", "Witch"], "notes": "", "description": "The worst cards in the game"}]	2017-07-05 21:05:47.433095	2017-07-05 21:05:47.433095
4	6	Random tournament list	1	Tier list for high trophy ladder play! (5000+)	0	[{"name": "S-tier", "cards": ["Lava Hound", "Miner", "The Log"], "notes": "Miner reigns supreme", "description": "Good cards as long as you have the levels for it"}, {"name": "A-tier", "cards": ["Golem", "Giant"], "notes": "Tank heavy meta", "description": "Still good even if underleveled"}]	2017-07-05 21:05:47.439569	2017-07-05 21:05:47.439569
5	2	2v2 list by Bonnie	3	2v2 ladder/clan/challenge play	0	[{"name": "S-tier", "cards": ["Tornado", "Executioner", "Rocket", "Inferno Tower"], "notes": "The best cards for duo play", "description": "Good cards as long as you have the levels for it"}, {"name": "A-tier", "cards": ["Lightning", "Bowler"], "notes": "Tank heavy meta", "description": "Still good even if underleveled"}]	2017-07-05 21:05:47.443888	2017-07-05 21:05:47.443888
6	3	2v2 list by Trainer Chris	3	2v2 ladder/clan/challenge play	0	[{"name": "S-tier", "cards": ["Tornado", "Executioner", "Rocket", "Inferno Tower"], "notes": "The best cards for duo play", "description": "Good cards as long as you have the levels for it"}, {"name": "A-tier", "cards": ["Lightning", "Bowler"], "notes": "Tank heavy meta", "description": "Still good even if underleveled"}]	2017-07-05 21:05:47.448499	2017-07-05 21:05:47.448499
7	4	2v2 list by CMcHugh	3	2v2 ladder/clan/challenge play	0	[{"name": "S-tier", "cards": ["Tornado", "Executioner", "Rocket", "Inferno Tower"], "notes": "The best cards for duo play", "description": "Good cards as long as you have the levels for it"}, {"name": "A-tier", "cards": ["Lightning", "Bowler"], "notes": "Tank heavy meta", "description": "Still good even if underleveled"}]	2017-07-05 21:05:47.452342	2017-07-05 21:05:47.452342
8	5	2v2 list by Woody	3	2v2 ladder/clan/challenge play	0	[{"name": "S-tier", "cards": ["Tornado", "Executioner", "Rocket", "Inferno Tower"], "notes": "The best cards for duo play", "description": "Good cards as long as you have the levels for it"}, {"name": "A-tier", "cards": ["Lightning", "Bowler"], "notes": "Tank heavy meta", "description": "Still good even if underleveled"}]	2017-07-05 21:05:47.456793	2017-07-05 21:05:47.456793
9	6	2v2 list by Perseus	3	2v2 ladder/clan/challenge play	0	[{"name": "S-tier", "cards": ["Tornado", "Executioner", "Rocket", "Inferno Tower"], "notes": "The best cards for duo play", "description": "Good cards as long as you have the levels for it"}, {"name": "A-tier", "cards": ["Lightning", "Bowler"], "notes": "Tank heavy meta", "description": "Still good even if underleveled"}]	2017-07-05 21:05:47.460824	2017-07-05 21:05:47.460824
10	7	2v2 list by Intel	3	2v2 ladder/clan/challenge play	0	[{"name": "S-tier", "cards": ["Tornado", "Executioner", "Rocket", "Inferno Tower"], "notes": "The best cards for duo play", "description": "Good cards as long as you have the levels for it"}, {"name": "A-tier", "cards": ["Lightning", "Bowler"], "notes": "Tank heavy meta", "description": "Still good even if underleveled"}]	2017-07-05 21:05:47.465463	2017-07-05 21:05:47.465463
11	2	Draft tier list #1	4	Tier list for Draft play!	0	[{"name": "S-tier", "cards": ["Tornado", "Executioner", "Rocket", "Inferno Tower"], "notes": "The best cards for duo play", "description": "Good cards as long as you have the levels for it"}, {"name": "A-tier", "cards": ["Lightning", "Bowler"], "notes": "Tank heavy meta", "description": "Still good even if underleveled"}]	2017-07-05 21:05:47.469285	2017-07-05 21:05:47.469285
12	3	Draft tier list #2	4	Tier list for Draft play!	0	[{"name": "S-tier", "cards": ["Tornado", "Executioner", "Rocket", "Inferno Tower"], "notes": "The best cards for duo play", "description": "Good cards as long as you have the levels for it"}, {"name": "A-tier", "cards": ["Lightning", "Bowler"], "notes": "Tank heavy meta", "description": "Still good even if underleveled"}]	2017-07-05 21:05:47.473859	2017-07-05 21:05:47.473859
13	4	Draft tier list #3	4	Tier list for Draft play!	0	[{"name": "S-tier", "cards": ["Tornado", "Executioner", "Rocket", "Inferno Tower"], "notes": "The best cards for duo play", "description": "Good cards as long as you have the levels for it"}, {"name": "A-tier", "cards": ["Lightning", "Bowler"], "notes": "Tank heavy meta", "description": "Still good even if underleveled"}]	2017-07-05 21:05:47.477619	2017-07-05 21:05:47.477619
14	5	Draft tier list #4	4	Tier list for Draft play!	0	[{"name": "S-tier", "cards": ["Tornado", "Executioner", "Rocket", "Inferno Tower"], "notes": "The best cards for duo play", "description": "Good cards as long as you have the levels for it"}, {"name": "A-tier", "cards": ["Lightning", "Bowler"], "notes": "Tank heavy meta", "description": "Still good even if underleveled"}]	2017-07-05 21:05:47.48184	2017-07-05 21:05:47.48184
15	6	Draft tier list #5	4	Tier list for Draft play!	0	[{"name": "S-tier", "cards": ["Tornado", "Executioner", "Rocket", "Inferno Tower"], "notes": "The best cards for duo play", "description": "Good cards as long as you have the levels for it"}, {"name": "A-tier", "cards": ["Lightning", "Bowler"], "notes": "Tank heavy meta", "description": "Still good even if underleveled"}]	2017-07-05 21:05:47.485766	2017-07-05 21:05:47.485766
16	7	Draft tier list #6	4	Tier list for Draft play!	0	[{"name": "S-tier", "cards": ["Tornado", "Executioner", "Rocket", "Inferno Tower"], "notes": "The best cards for duo play", "description": "Good cards as long as you have the levels for it"}, {"name": "A-tier", "cards": ["Lightning", "Bowler"], "notes": "Tank heavy meta", "description": "Still good even if underleveled"}]	2017-07-05 21:05:47.49051	2017-07-05 21:05:47.49051
17	2	Draft tier list #7	4	Tier list for Draft play!	0	[{"name": "S-tier", "cards": ["Tornado", "Executioner", "Rocket", "Inferno Tower"], "notes": "The best cards for duo play", "description": "Good cards as long as you have the levels for it"}, {"name": "A-tier", "cards": ["Lightning", "Bowler"], "notes": "Tank heavy meta", "description": "Still good even if underleveled"}]	2017-07-05 21:05:47.494393	2017-07-05 21:05:47.494393
18	3	Draft tier list #8	4	Tier list for Draft play!	0	[{"name": "S-tier", "cards": ["Tornado", "Executioner", "Rocket", "Inferno Tower"], "notes": "The best cards for duo play", "description": "Good cards as long as you have the levels for it"}, {"name": "A-tier", "cards": ["Lightning", "Bowler"], "notes": "Tank heavy meta", "description": "Still good even if underleveled"}]	2017-07-05 21:05:47.498718	2017-07-05 21:05:47.498718
19	4	Draft tier list #9	4	Tier list for Draft play!	0	[{"name": "S-tier", "cards": ["Tornado", "Executioner", "Rocket", "Inferno Tower"], "notes": "The best cards for duo play", "description": "Good cards as long as you have the levels for it"}, {"name": "A-tier", "cards": ["Lightning", "Bowler"], "notes": "Tank heavy meta", "description": "Still good even if underleveled"}]	2017-07-05 21:05:47.50246	2017-07-05 21:05:47.50246
20	5	Draft tier list #10	4	Tier list for Draft play!	0	[{"name": "S-tier", "cards": ["Tornado", "Executioner", "Rocket", "Inferno Tower"], "notes": "The best cards for duo play", "description": "Good cards as long as you have the levels for it"}, {"name": "A-tier", "cards": ["Lightning", "Bowler"], "notes": "Tank heavy meta", "description": "Still good even if underleveled"}]	2017-07-05 21:05:47.506933	2017-07-05 21:05:47.506933
21	6	Draft tier list #11	4	Tier list for Draft play!	0	[{"name": "S-tier", "cards": ["Tornado", "Executioner", "Rocket", "Inferno Tower"], "notes": "The best cards for duo play", "description": "Good cards as long as you have the levels for it"}, {"name": "A-tier", "cards": ["Lightning", "Bowler"], "notes": "Tank heavy meta", "description": "Still good even if underleveled"}]	2017-07-05 21:05:47.519686	2017-07-05 21:05:47.519686
22	7	Draft tier list #12	4	Tier list for Draft play!	0	[{"name": "S-tier", "cards": ["Tornado", "Executioner", "Rocket", "Inferno Tower"], "notes": "The best cards for duo play", "description": "Good cards as long as you have the levels for it"}, {"name": "A-tier", "cards": ["Lightning", "Bowler"], "notes": "Tank heavy meta", "description": "Still good even if underleveled"}]	2017-07-05 21:05:47.522993	2017-07-05 21:05:47.522993
\.


--
-- Name: tier_lists_id_seq; Type: SEQUENCE SET; Schema: public; Owner: flatironschool
--

SELECT pg_catalog.setval('tier_lists_id_seq', 22, true);


--
-- Data for Name: users; Type: TABLE DATA; Schema: public; Owner: flatironschool
--

COPY users (id, user_name, email, created_at, updated_at) FROM stdin;
1	Clyde	clyde@crapp.com	2017-06-30 21:56:05.572639	2017-06-30 21:56:05.572639
2	Bonnie	bonnie@crapp.com	2017-07-05 21:05:47.393337	2017-07-05 21:05:47.393337
3	Trainer Chris	tc@crapp.com	2017-07-05 21:05:47.396153	2017-07-05 21:05:47.396153
4	CMcHugh	cmchugh@crapp.com	2017-07-05 21:05:47.398372	2017-07-05 21:05:47.398372
5	Woody	woody@crapp.com	2017-07-05 21:05:47.400846	2017-07-05 21:05:47.400846
6	Perseus	perseus@crapp.com	2017-07-05 21:05:47.402735	2017-07-05 21:05:47.402735
7	Intel	intel@crapp.com	2017-07-05 21:05:47.404399	2017-07-05 21:05:47.404399
\.


--
-- Name: users_id_seq; Type: SEQUENCE SET; Schema: public; Owner: flatironschool
--

SELECT pg_catalog.setval('users_id_seq', 7, true);


--
-- Name: ar_internal_metadata ar_internal_metadata_pkey; Type: CONSTRAINT; Schema: public; Owner: flatironschool
--

ALTER TABLE ONLY ar_internal_metadata
    ADD CONSTRAINT ar_internal_metadata_pkey PRIMARY KEY (key);


--
-- Name: schema_migrations schema_migrations_pkey; Type: CONSTRAINT; Schema: public; Owner: flatironschool
--

ALTER TABLE ONLY schema_migrations
    ADD CONSTRAINT schema_migrations_pkey PRIMARY KEY (version);


--
-- Name: tier_lists tier_lists_pkey; Type: CONSTRAINT; Schema: public; Owner: flatironschool
--

ALTER TABLE ONLY tier_lists
    ADD CONSTRAINT tier_lists_pkey PRIMARY KEY (id);


--
-- Name: users users_pkey; Type: CONSTRAINT; Schema: public; Owner: flatironschool
--

ALTER TABLE ONLY users
    ADD CONSTRAINT users_pkey PRIMARY KEY (id);


--
-- Name: index_tier_lists_on_user_id; Type: INDEX; Schema: public; Owner: flatironschool
--

CREATE INDEX index_tier_lists_on_user_id ON tier_lists USING btree (user_id);


--
-- PostgreSQL database dump complete
--

