--
-- PostgreSQL database dump
--

-- Dumped from database version 9.6.1
-- Dumped by pg_dump version 9.6.1

SET statement_timeout = 0;
SET lock_timeout = 0;
SET idle_in_transaction_session_timeout = 0;
SET client_encoding = 'UTF8';
SET standard_conforming_strings = on;
SET check_function_bodies = false;
SET client_min_messages = warning;
SET row_security = off;

--
-- Name: plpgsql; Type: EXTENSION; Schema: -; Owner: 
--

CREATE EXTENSION IF NOT EXISTS plpgsql WITH SCHEMA pg_catalog;


--
-- Name: EXTENSION plpgsql; Type: COMMENT; Schema: -; Owner: 
--

COMMENT ON EXTENSION plpgsql IS 'PL/pgSQL procedural language';


SET search_path = public, pg_catalog;

SET default_tablespace = '';

SET default_with_oids = false;

--
-- Name: ar_internal_metadata; Type: TABLE; Schema: public; Owner: jacksonhoang
--

CREATE TABLE ar_internal_metadata (
    key character varying NOT NULL,
    value character varying,
    created_at timestamp without time zone NOT NULL,
    updated_at timestamp without time zone NOT NULL
);


ALTER TABLE ar_internal_metadata OWNER TO jacksonhoang;

--
-- Name: comments; Type: TABLE; Schema: public; Owner: jacksonhoang
--

CREATE TABLE comments (
    id integer NOT NULL,
    tier_list_id integer,
    parent_comment_id integer,
    user_id integer,
    upvotes integer DEFAULT 0,
    message text,
    created_at timestamp without time zone NOT NULL,
    updated_at timestamp without time zone NOT NULL
);


ALTER TABLE comments OWNER TO jacksonhoang;

--
-- Name: comments_id_seq; Type: SEQUENCE; Schema: public; Owner: jacksonhoang
--

CREATE SEQUENCE comments_id_seq
    START WITH 1
    INCREMENT BY 1
    NO MINVALUE
    NO MAXVALUE
    CACHE 1;


ALTER TABLE comments_id_seq OWNER TO jacksonhoang;

--
-- Name: comments_id_seq; Type: SEQUENCE OWNED BY; Schema: public; Owner: jacksonhoang
--

ALTER SEQUENCE comments_id_seq OWNED BY comments.id;


--
-- Name: schema_migrations; Type: TABLE; Schema: public; Owner: jacksonhoang
--

CREATE TABLE schema_migrations (
    version character varying NOT NULL
);


ALTER TABLE schema_migrations OWNER TO jacksonhoang;

--
-- Name: tier_lists; Type: TABLE; Schema: public; Owner: jacksonhoang
--

CREATE TABLE tier_lists (
    id integer NOT NULL,
    user_id integer,
    title character varying,
    list_type integer,
    description text,
    upvotes integer DEFAULT 0,
    tier_positions jsonb DEFAULT '[]'::jsonb,
    created_at timestamp without time zone NOT NULL,
    updated_at timestamp without time zone NOT NULL
);


ALTER TABLE tier_lists OWNER TO jacksonhoang;

--
-- Name: tier_lists_id_seq; Type: SEQUENCE; Schema: public; Owner: jacksonhoang
--

CREATE SEQUENCE tier_lists_id_seq
    START WITH 1
    INCREMENT BY 1
    NO MINVALUE
    NO MAXVALUE
    CACHE 1;


ALTER TABLE tier_lists_id_seq OWNER TO jacksonhoang;

--
-- Name: tier_lists_id_seq; Type: SEQUENCE OWNED BY; Schema: public; Owner: jacksonhoang
--

ALTER SEQUENCE tier_lists_id_seq OWNED BY tier_lists.id;


--
-- Name: users; Type: TABLE; Schema: public; Owner: jacksonhoang
--

CREATE TABLE users (
    id integer NOT NULL,
    user_name character varying,
    first_name character varying,
    last_name character varying,
    password_digest character varying,
    email character varying,
    created_at timestamp without time zone NOT NULL,
    updated_at timestamp without time zone NOT NULL
);


ALTER TABLE users OWNER TO jacksonhoang;

--
-- Name: users_id_seq; Type: SEQUENCE; Schema: public; Owner: jacksonhoang
--

CREATE SEQUENCE users_id_seq
    START WITH 1
    INCREMENT BY 1
    NO MINVALUE
    NO MAXVALUE
    CACHE 1;


ALTER TABLE users_id_seq OWNER TO jacksonhoang;

--
-- Name: users_id_seq; Type: SEQUENCE OWNED BY; Schema: public; Owner: jacksonhoang
--

ALTER SEQUENCE users_id_seq OWNED BY users.id;


--
-- Name: comments id; Type: DEFAULT; Schema: public; Owner: jacksonhoang
--

ALTER TABLE ONLY comments ALTER COLUMN id SET DEFAULT nextval('comments_id_seq'::regclass);


--
-- Name: tier_lists id; Type: DEFAULT; Schema: public; Owner: jacksonhoang
--

ALTER TABLE ONLY tier_lists ALTER COLUMN id SET DEFAULT nextval('tier_lists_id_seq'::regclass);


--
-- Name: users id; Type: DEFAULT; Schema: public; Owner: jacksonhoang
--

ALTER TABLE ONLY users ALTER COLUMN id SET DEFAULT nextval('users_id_seq'::regclass);


--
-- Data for Name: ar_internal_metadata; Type: TABLE DATA; Schema: public; Owner: jacksonhoang
--

COPY ar_internal_metadata (key, value, created_at, updated_at) FROM stdin;
environment	test	2017-07-31 23:29:09.718841	2017-07-31 23:29:09.718841
\.


--
-- Data for Name: comments; Type: TABLE DATA; Schema: public; Owner: jacksonhoang
--

COPY comments (id, tier_list_id, parent_comment_id, user_id, upvotes, message, created_at, updated_at) FROM stdin;
1	1	\N	1	0	First Comment	2017-08-12 11:58:09.32394	2017-08-12 11:58:09.32394
2	\N	1	2	0	Second Comment	2017-08-12 11:58:12.068838	2017-08-12 11:58:12.068838
3	1	\N	2	10	Another comment	2017-08-13 13:05:06.398213	2017-08-13 13:05:06.398213
\.


--
-- Name: comments_id_seq; Type: SEQUENCE SET; Schema: public; Owner: jacksonhoang
--

SELECT pg_catalog.setval('comments_id_seq', 3, true);


--
-- Data for Name: schema_migrations; Type: TABLE DATA; Schema: public; Owner: jacksonhoang
--

COPY schema_migrations (version) FROM stdin;
20170618170813
20170618170825
20170812152024
\.


--
-- Data for Name: tier_lists; Type: TABLE DATA; Schema: public; Owner: jacksonhoang
--

COPY tier_lists (id, user_id, title, list_type, description, upvotes, tier_positions, created_at, updated_at) FROM stdin;
2	1	Clyde's Ladder Tier List	2	Tier list for high trophy ladder play! (5000+)	33	[{"name": "S-tier", "cards": ["Lava Hound", "Miner", "The Log"], "notes": "Miner reigns supreme", "description": "Good cards as long as you have the levels for it"}, {"name": "A-tier", "cards": ["Golem", "Giant"], "notes": "Tank heavy meta", "description": "Still good even if underleveled"}]	2017-07-31 23:29:11.454545	2017-07-31 23:29:29.40965
4	6	Random tournament list	1	Tier list for high trophy ladder play! (5000+)	15	[{"name": "S-tier", "cards": ["Lava Hound", "Miner", "The Log"], "notes": "Miner reigns supreme", "description": "Good cards as long as you have the levels for it"}, {"name": "A-tier", "cards": ["Golem", "Giant"], "notes": "Tank heavy meta", "description": "Still good even if underleveled"}]	2017-07-31 23:29:11.480018	2017-07-31 23:29:29.422657
5	2	2v2 list by Bonnie	3	2v2 ladder/clan/challenge play	87	[{"name": "S-tier", "cards": ["Tornado", "Executioner", "Rocket", "Inferno Tower"], "notes": "The best cards for duo play", "description": "Good cards as long as you have the levels for it"}, {"name": "A-tier", "cards": ["Lightning", "Bowler"], "notes": "Tank heavy meta", "description": "Still good even if underleveled"}]	2017-07-31 23:29:11.483452	2017-07-31 23:29:29.42719
6	3	2v2 list by Trainer Chris	3	2v2 ladder/clan/challenge play	42	[{"name": "S-tier", "cards": ["Tornado", "Executioner", "Rocket", "Inferno Tower"], "notes": "The best cards for duo play", "description": "Good cards as long as you have the levels for it"}, {"name": "A-tier", "cards": ["Lightning", "Bowler"], "notes": "Tank heavy meta", "description": "Still good even if underleveled"}]	2017-07-31 23:29:11.49436	2017-07-31 23:29:29.431596
7	4	2v2 list by CMcHugh	3	2v2 ladder/clan/challenge play	56	[{"name": "S-tier", "cards": ["Tornado", "Executioner", "Rocket", "Inferno Tower"], "notes": "The best cards for duo play", "description": "Good cards as long as you have the levels for it"}, {"name": "A-tier", "cards": ["Lightning", "Bowler"], "notes": "Tank heavy meta", "description": "Still good even if underleveled"}]	2017-07-31 23:29:11.497653	2017-07-31 23:29:29.436826
16	7	Draft tier list #6	4	Tier list for Draft play!	-1	[{"name": "S-tier", "cards": ["Tornado", "Executioner", "Rocket", "Inferno Tower"], "notes": "The best cards for duo play", "description": "Good cards as long as you have the levels for it"}, {"name": "A-tier", "cards": ["Lightning", "Bowler"], "notes": "Tank heavy meta", "description": "Still good even if underleveled"}]	2017-07-31 23:29:11.529642	2017-07-31 23:29:39.983528
9	6	2v2 list by Perseus	3	2v2 ladder/clan/challenge play	65	[{"name": "S-tier", "cards": ["Tornado", "Executioner", "Rocket", "Inferno Tower"], "notes": "The best cards for duo play", "description": "Good cards as long as you have the levels for it"}, {"name": "A-tier", "cards": ["Lightning", "Bowler"], "notes": "Tank heavy meta", "description": "Still good even if underleveled"}]	2017-07-31 23:29:11.505327	2017-07-31 23:29:29.446527
10	7	2v2 list by Intel	3	2v2 ladder/clan/challenge play	38	[{"name": "S-tier", "cards": ["Tornado", "Executioner", "Rocket", "Inferno Tower"], "notes": "The best cards for duo play", "description": "Good cards as long as you have the levels for it"}, {"name": "A-tier", "cards": ["Lightning", "Bowler"], "notes": "Tank heavy meta", "description": "Still good even if underleveled"}]	2017-07-31 23:29:11.50919	2017-07-31 23:29:29.451555
11	2	Draft tier list #1	4	Tier list for Draft play!	34	[{"name": "S-tier", "cards": ["Tornado", "Executioner", "Rocket", "Inferno Tower"], "notes": "The best cards for duo play", "description": "Good cards as long as you have the levels for it"}, {"name": "A-tier", "cards": ["Lightning", "Bowler"], "notes": "Tank heavy meta", "description": "Still good even if underleveled"}]	2017-07-31 23:29:11.513067	2017-07-31 23:29:29.456164
12	3	Draft tier list #2	4	Tier list for Draft play!	9	[{"name": "S-tier", "cards": ["Tornado", "Executioner", "Rocket", "Inferno Tower"], "notes": "The best cards for duo play", "description": "Good cards as long as you have the levels for it"}, {"name": "A-tier", "cards": ["Lightning", "Bowler"], "notes": "Tank heavy meta", "description": "Still good even if underleveled"}]	2017-07-31 23:29:11.51657	2017-07-31 23:29:29.462276
13	4	Draft tier list #3	4	Tier list for Draft play!	92	[{"name": "S-tier", "cards": ["Tornado", "Executioner", "Rocket", "Inferno Tower"], "notes": "The best cards for duo play", "description": "Good cards as long as you have the levels for it"}, {"name": "A-tier", "cards": ["Lightning", "Bowler"], "notes": "Tank heavy meta", "description": "Still good even if underleveled"}]	2017-07-31 23:29:11.519872	2017-07-31 23:29:29.469182
14	5	Draft tier list #4	4	Tier list for Draft play!	22	[{"name": "S-tier", "cards": ["Tornado", "Executioner", "Rocket", "Inferno Tower"], "notes": "The best cards for duo play", "description": "Good cards as long as you have the levels for it"}, {"name": "A-tier", "cards": ["Lightning", "Bowler"], "notes": "Tank heavy meta", "description": "Still good even if underleveled"}]	2017-07-31 23:29:11.523136	2017-07-31 23:29:29.474205
15	6	Draft tier list #5	4	Tier list for Draft play!	22	[{"name": "S-tier", "cards": ["Tornado", "Executioner", "Rocket", "Inferno Tower"], "notes": "The best cards for duo play", "description": "Good cards as long as you have the levels for it"}, {"name": "A-tier", "cards": ["Lightning", "Bowler"], "notes": "Tank heavy meta", "description": "Still good even if underleveled"}]	2017-07-31 23:29:11.526317	2017-07-31 23:29:29.479025
8	5	2v2 list by Woody	3	2v2 ladder/clan/challenge play	-10	[{"name": "S-tier", "cards": ["Tornado", "Executioner", "Rocket", "Inferno Tower"], "notes": "The best cards for duo play", "description": "Good cards as long as you have the levels for it"}, {"name": "A-tier", "cards": ["Lightning", "Bowler"], "notes": "Tank heavy meta", "description": "Still good even if underleveled"}]	2017-07-31 23:29:11.500925	2017-07-31 23:29:32.563
17	2	Draft tier list #7	4	Tier list for Draft play!	0	[{"name": "S-tier", "cards": ["Tornado", "Executioner", "Rocket", "Inferno Tower"], "notes": "The best cards for duo play", "description": "Good cards as long as you have the levels for it"}, {"name": "A-tier", "cards": ["Lightning", "Bowler"], "notes": "Tank heavy meta", "description": "Still good even if underleveled"}]	2017-07-31 23:29:11.532272	2017-07-31 23:29:11.532272
1	1	Clyde's Tournament Tier List	1	Comprehensive tier list for tournament capped cards. Based on tournament play and challenge play. Bi-weekly tier list!	71	[{"name": "S-tier", "cards": ["Bomber", "Bowler", "Bomb Tower"], "notes": "Bomber just reached S tier!", "description": "The best cards in the game"}, {"name": "A-tier", "cards": ["Barbarian Hut", "Baby Dragon"], "notes": "Barbarian Hut might move up soon", "description": "The second best cards in the game"}]	2017-07-31 23:29:11.449652	2017-07-31 23:29:29.400246
33	7	Draft tier list #11	4	Tier list for Draft play!	0	[{"name": "S-tier", "cards": ["Tornado", "Executioner", "Rocket", "Inferno Tower"], "notes": "The best cards for duo play", "description": "Good cards as long as you have the levels for it"}, {"name": "A-tier", "cards": ["Lightning", "Bowler"], "notes": "Tank heavy meta", "description": "Still good even if underleveled"}]	2017-08-02 22:45:53.503316	2017-08-02 22:45:53.503316
3	2	Bonnie's Tournament Tier List	1	Comprehensive tier list for tournament capped cards. Based on tournament play and challenge play. Bi-weekly tier list!	46	[{"name": "Awesome tier", "cards": ["Bomber", "Bowler", "Bomb Tower"], "notes": "Bomber just reached S tier!", "description": "The best cards in the game"}, {"name": "Great tier", "cards": ["Barbarian Hut", "Baby Dragon"], "notes": "Barbarian Hut might move up soon", "description": "The second best cards in the game"}, {"name": "Good tier", "cards": ["Barbarians", "Battle Ram"], "notes": "", "description": "The third best cards in the game"}, {"name": "Okay tier", "cards": ["Elite Barbarians", "Lightning"], "notes": "", "description": "The fourth best cards in the game"}, {"name": "Bad tier", "cards": ["Lumberjack", "Witch"], "notes": "", "description": "The worst cards in the game"}]	2017-07-31 23:29:11.476084	2017-07-31 23:29:29.415814
19	4	Draft tier list #9	4	Tier list for Draft play!	3	[{"name": "S-tier", "cards": ["Tornado", "Executioner", "Rocket", "Inferno Tower"], "notes": "The best cards for duo play", "description": "Good cards as long as you have the levels for it"}, {"name": "A-tier", "cards": ["Lightning", "Bowler"], "notes": "Tank heavy meta", "description": "Still good even if underleveled"}]	2017-07-31 23:29:11.539242	2017-07-31 23:29:29.495358
20	5	Draft tier list #10	4	Tier list for Draft play!	43	[{"name": "S-tier", "cards": ["Tornado", "Executioner", "Rocket", "Inferno Tower"], "notes": "The best cards for duo play", "description": "Good cards as long as you have the levels for it"}, {"name": "A-tier", "cards": ["Lightning", "Bowler"], "notes": "Tank heavy meta", "description": "Still good even if underleveled"}]	2017-07-31 23:29:11.542567	2017-07-31 23:29:29.500192
21	6	Draft tier list #11	4	Tier list for Draft play!	44	[{"name": "S-tier", "cards": ["Tornado", "Executioner", "Rocket", "Inferno Tower"], "notes": "The best cards for duo play", "description": "Good cards as long as you have the levels for it"}, {"name": "A-tier", "cards": ["Lightning", "Bowler"], "notes": "Tank heavy meta", "description": "Still good even if underleveled"}]	2017-07-31 23:29:11.545581	2017-07-31 23:29:29.504913
22	7	Draft tier list #12	4	Tier list for Draft play!	75	[{"name": "S-tier", "cards": ["Tornado", "Executioner", "Rocket", "Inferno Tower"], "notes": "The best cards for duo play", "description": "Good cards as long as you have the levels for it"}, {"name": "A-tier", "cards": ["Lightning", "Bowler"], "notes": "Tank heavy meta", "description": "Still good even if underleveled"}]	2017-07-31 23:29:11.549256	2017-07-31 23:29:29.510686
18	3	Draft tier list #8	4	Tier list for Draft play!	-5	[{"name": "S-tier", "cards": ["Tornado", "Executioner", "Rocket", "Inferno Tower"], "notes": "The best cards for duo play", "description": "Good cards as long as you have the levels for it"}, {"name": "A-tier", "cards": ["Lightning", "Bowler"], "notes": "Tank heavy meta", "description": "Still good even if underleveled"}]	2017-07-31 23:29:11.535729	2017-07-31 23:29:37.0359
23	7	Draft tier list #1	4	Tier list for Draft play!	0	[{"name": "S-tier", "cards": ["Tornado", "Executioner", "Rocket", "Inferno Tower"], "notes": "The best cards for duo play", "description": "Good cards as long as you have the levels for it"}, {"name": "A-tier", "cards": ["Lightning", "Bowler"], "notes": "Tank heavy meta", "description": "Still good even if underleveled"}]	2017-08-02 22:45:53.455545	2017-08-02 22:45:53.455545
24	7	Draft tier list #2	4	Tier list for Draft play!	0	[{"name": "S-tier", "cards": ["Tornado", "Executioner", "Rocket", "Inferno Tower"], "notes": "The best cards for duo play", "description": "Good cards as long as you have the levels for it"}, {"name": "A-tier", "cards": ["Lightning", "Bowler"], "notes": "Tank heavy meta", "description": "Still good even if underleveled"}]	2017-08-02 22:45:53.463479	2017-08-02 22:45:53.463479
25	7	Draft tier list #3	4	Tier list for Draft play!	0	[{"name": "S-tier", "cards": ["Tornado", "Executioner", "Rocket", "Inferno Tower"], "notes": "The best cards for duo play", "description": "Good cards as long as you have the levels for it"}, {"name": "A-tier", "cards": ["Lightning", "Bowler"], "notes": "Tank heavy meta", "description": "Still good even if underleveled"}]	2017-08-02 22:45:53.468035	2017-08-02 22:45:53.468035
26	7	Draft tier list #4	4	Tier list for Draft play!	0	[{"name": "S-tier", "cards": ["Tornado", "Executioner", "Rocket", "Inferno Tower"], "notes": "The best cards for duo play", "description": "Good cards as long as you have the levels for it"}, {"name": "A-tier", "cards": ["Lightning", "Bowler"], "notes": "Tank heavy meta", "description": "Still good even if underleveled"}]	2017-08-02 22:45:53.475239	2017-08-02 22:45:53.475239
27	7	Draft tier list #5	4	Tier list for Draft play!	0	[{"name": "S-tier", "cards": ["Tornado", "Executioner", "Rocket", "Inferno Tower"], "notes": "The best cards for duo play", "description": "Good cards as long as you have the levels for it"}, {"name": "A-tier", "cards": ["Lightning", "Bowler"], "notes": "Tank heavy meta", "description": "Still good even if underleveled"}]	2017-08-02 22:45:53.479485	2017-08-02 22:45:53.479485
28	7	Draft tier list #6	4	Tier list for Draft play!	0	[{"name": "S-tier", "cards": ["Tornado", "Executioner", "Rocket", "Inferno Tower"], "notes": "The best cards for duo play", "description": "Good cards as long as you have the levels for it"}, {"name": "A-tier", "cards": ["Lightning", "Bowler"], "notes": "Tank heavy meta", "description": "Still good even if underleveled"}]	2017-08-02 22:45:53.483659	2017-08-02 22:45:53.483659
29	7	Draft tier list #7	4	Tier list for Draft play!	0	[{"name": "S-tier", "cards": ["Tornado", "Executioner", "Rocket", "Inferno Tower"], "notes": "The best cards for duo play", "description": "Good cards as long as you have the levels for it"}, {"name": "A-tier", "cards": ["Lightning", "Bowler"], "notes": "Tank heavy meta", "description": "Still good even if underleveled"}]	2017-08-02 22:45:53.487499	2017-08-02 22:45:53.487499
30	7	Draft tier list #8	4	Tier list for Draft play!	0	[{"name": "S-tier", "cards": ["Tornado", "Executioner", "Rocket", "Inferno Tower"], "notes": "The best cards for duo play", "description": "Good cards as long as you have the levels for it"}, {"name": "A-tier", "cards": ["Lightning", "Bowler"], "notes": "Tank heavy meta", "description": "Still good even if underleveled"}]	2017-08-02 22:45:53.491374	2017-08-02 22:45:53.491374
31	7	Draft tier list #9	4	Tier list for Draft play!	0	[{"name": "S-tier", "cards": ["Tornado", "Executioner", "Rocket", "Inferno Tower"], "notes": "The best cards for duo play", "description": "Good cards as long as you have the levels for it"}, {"name": "A-tier", "cards": ["Lightning", "Bowler"], "notes": "Tank heavy meta", "description": "Still good even if underleveled"}]	2017-08-02 22:45:53.49543	2017-08-02 22:45:53.49543
32	7	Draft tier list #10	4	Tier list for Draft play!	0	[{"name": "S-tier", "cards": ["Tornado", "Executioner", "Rocket", "Inferno Tower"], "notes": "The best cards for duo play", "description": "Good cards as long as you have the levels for it"}, {"name": "A-tier", "cards": ["Lightning", "Bowler"], "notes": "Tank heavy meta", "description": "Still good even if underleveled"}]	2017-08-02 22:45:53.49981	2017-08-02 22:45:53.49981
34	7	Draft tier list #12	4	Tier list for Draft play!	0	[{"name": "S-tier", "cards": ["Tornado", "Executioner", "Rocket", "Inferno Tower"], "notes": "The best cards for duo play", "description": "Good cards as long as you have the levels for it"}, {"name": "A-tier", "cards": ["Lightning", "Bowler"], "notes": "Tank heavy meta", "description": "Still good even if underleveled"}]	2017-08-02 22:45:53.507392	2017-08-02 22:45:53.507392
35	7	Draft tier list #13	4	Tier list for Draft play!	0	[{"name": "S-tier", "cards": ["Tornado", "Executioner", "Rocket", "Inferno Tower"], "notes": "The best cards for duo play", "description": "Good cards as long as you have the levels for it"}, {"name": "A-tier", "cards": ["Lightning", "Bowler"], "notes": "Tank heavy meta", "description": "Still good even if underleveled"}]	2017-08-02 22:45:53.51138	2017-08-02 22:45:53.51138
36	7	Draft tier list #14	4	Tier list for Draft play!	0	[{"name": "S-tier", "cards": ["Tornado", "Executioner", "Rocket", "Inferno Tower"], "notes": "The best cards for duo play", "description": "Good cards as long as you have the levels for it"}, {"name": "A-tier", "cards": ["Lightning", "Bowler"], "notes": "Tank heavy meta", "description": "Still good even if underleveled"}]	2017-08-02 22:45:53.516777	2017-08-02 22:45:53.516777
37	7	Draft tier list #15	4	Tier list for Draft play!	0	[{"name": "S-tier", "cards": ["Tornado", "Executioner", "Rocket", "Inferno Tower"], "notes": "The best cards for duo play", "description": "Good cards as long as you have the levels for it"}, {"name": "A-tier", "cards": ["Lightning", "Bowler"], "notes": "Tank heavy meta", "description": "Still good even if underleveled"}]	2017-08-02 22:45:53.523746	2017-08-02 22:45:53.523746
38	7	Draft tier list #16	4	Tier list for Draft play!	0	[{"name": "S-tier", "cards": ["Tornado", "Executioner", "Rocket", "Inferno Tower"], "notes": "The best cards for duo play", "description": "Good cards as long as you have the levels for it"}, {"name": "A-tier", "cards": ["Lightning", "Bowler"], "notes": "Tank heavy meta", "description": "Still good even if underleveled"}]	2017-08-02 22:45:53.527639	2017-08-02 22:45:53.527639
39	7	Draft tier list #17	4	Tier list for Draft play!	0	[{"name": "S-tier", "cards": ["Tornado", "Executioner", "Rocket", "Inferno Tower"], "notes": "The best cards for duo play", "description": "Good cards as long as you have the levels for it"}, {"name": "A-tier", "cards": ["Lightning", "Bowler"], "notes": "Tank heavy meta", "description": "Still good even if underleveled"}]	2017-08-02 22:45:53.531341	2017-08-02 22:45:53.531341
40	7	Draft tier list #18	4	Tier list for Draft play!	0	[{"name": "S-tier", "cards": ["Tornado", "Executioner", "Rocket", "Inferno Tower"], "notes": "The best cards for duo play", "description": "Good cards as long as you have the levels for it"}, {"name": "A-tier", "cards": ["Lightning", "Bowler"], "notes": "Tank heavy meta", "description": "Still good even if underleveled"}]	2017-08-02 22:45:53.534912	2017-08-02 22:45:53.534912
41	7	Draft tier list #19	4	Tier list for Draft play!	0	[{"name": "S-tier", "cards": ["Tornado", "Executioner", "Rocket", "Inferno Tower"], "notes": "The best cards for duo play", "description": "Good cards as long as you have the levels for it"}, {"name": "A-tier", "cards": ["Lightning", "Bowler"], "notes": "Tank heavy meta", "description": "Still good even if underleveled"}]	2017-08-02 22:45:53.539033	2017-08-02 22:45:53.539033
42	7	Draft tier list #20	4	Tier list for Draft play!	0	[{"name": "S-tier", "cards": ["Tornado", "Executioner", "Rocket", "Inferno Tower"], "notes": "The best cards for duo play", "description": "Good cards as long as you have the levels for it"}, {"name": "A-tier", "cards": ["Lightning", "Bowler"], "notes": "Tank heavy meta", "description": "Still good even if underleveled"}]	2017-08-02 22:45:53.543109	2017-08-02 22:45:53.543109
43	7	Draft tier list #21	4	Tier list for Draft play!	0	[{"name": "S-tier", "cards": ["Tornado", "Executioner", "Rocket", "Inferno Tower"], "notes": "The best cards for duo play", "description": "Good cards as long as you have the levels for it"}, {"name": "A-tier", "cards": ["Lightning", "Bowler"], "notes": "Tank heavy meta", "description": "Still good even if underleveled"}]	2017-08-02 22:45:53.547152	2017-08-02 22:45:53.547152
44	7	Draft tier list #22	4	Tier list for Draft play!	0	[{"name": "S-tier", "cards": ["Tornado", "Executioner", "Rocket", "Inferno Tower"], "notes": "The best cards for duo play", "description": "Good cards as long as you have the levels for it"}, {"name": "A-tier", "cards": ["Lightning", "Bowler"], "notes": "Tank heavy meta", "description": "Still good even if underleveled"}]	2017-08-02 22:45:53.551102	2017-08-02 22:45:53.551102
45	7	Draft tier list #23	4	Tier list for Draft play!	0	[{"name": "S-tier", "cards": ["Tornado", "Executioner", "Rocket", "Inferno Tower"], "notes": "The best cards for duo play", "description": "Good cards as long as you have the levels for it"}, {"name": "A-tier", "cards": ["Lightning", "Bowler"], "notes": "Tank heavy meta", "description": "Still good even if underleveled"}]	2017-08-02 22:45:53.555433	2017-08-02 22:45:53.555433
46	7	Draft tier list #24	4	Tier list for Draft play!	0	[{"name": "S-tier", "cards": ["Tornado", "Executioner", "Rocket", "Inferno Tower"], "notes": "The best cards for duo play", "description": "Good cards as long as you have the levels for it"}, {"name": "A-tier", "cards": ["Lightning", "Bowler"], "notes": "Tank heavy meta", "description": "Still good even if underleveled"}]	2017-08-02 22:45:53.559747	2017-08-02 22:45:53.559747
47	7	Draft tier list #25	4	Tier list for Draft play!	0	[{"name": "S-tier", "cards": ["Tornado", "Executioner", "Rocket", "Inferno Tower"], "notes": "The best cards for duo play", "description": "Good cards as long as you have the levels for it"}, {"name": "A-tier", "cards": ["Lightning", "Bowler"], "notes": "Tank heavy meta", "description": "Still good even if underleveled"}]	2017-08-02 22:45:53.564684	2017-08-02 22:45:53.564684
48	7	Draft tier list #26	4	Tier list for Draft play!	0	[{"name": "S-tier", "cards": ["Tornado", "Executioner", "Rocket", "Inferno Tower"], "notes": "The best cards for duo play", "description": "Good cards as long as you have the levels for it"}, {"name": "A-tier", "cards": ["Lightning", "Bowler"], "notes": "Tank heavy meta", "description": "Still good even if underleveled"}]	2017-08-02 22:45:53.571659	2017-08-02 22:45:53.571659
49	7	Draft tier list #27	4	Tier list for Draft play!	0	[{"name": "S-tier", "cards": ["Tornado", "Executioner", "Rocket", "Inferno Tower"], "notes": "The best cards for duo play", "description": "Good cards as long as you have the levels for it"}, {"name": "A-tier", "cards": ["Lightning", "Bowler"], "notes": "Tank heavy meta", "description": "Still good even if underleveled"}]	2017-08-02 22:45:53.576004	2017-08-02 22:45:53.576004
50	7	Draft tier list #28	4	Tier list for Draft play!	0	[{"name": "S-tier", "cards": ["Tornado", "Executioner", "Rocket", "Inferno Tower"], "notes": "The best cards for duo play", "description": "Good cards as long as you have the levels for it"}, {"name": "A-tier", "cards": ["Lightning", "Bowler"], "notes": "Tank heavy meta", "description": "Still good even if underleveled"}]	2017-08-02 22:45:53.580258	2017-08-02 22:45:53.580258
51	7	Draft tier list #29	4	Tier list for Draft play!	0	[{"name": "S-tier", "cards": ["Tornado", "Executioner", "Rocket", "Inferno Tower"], "notes": "The best cards for duo play", "description": "Good cards as long as you have the levels for it"}, {"name": "A-tier", "cards": ["Lightning", "Bowler"], "notes": "Tank heavy meta", "description": "Still good even if underleveled"}]	2017-08-02 22:45:53.58817	2017-08-02 22:45:53.58817
52	7	Draft tier list #30	4	Tier list for Draft play!	0	[{"name": "S-tier", "cards": ["Tornado", "Executioner", "Rocket", "Inferno Tower"], "notes": "The best cards for duo play", "description": "Good cards as long as you have the levels for it"}, {"name": "A-tier", "cards": ["Lightning", "Bowler"], "notes": "Tank heavy meta", "description": "Still good even if underleveled"}]	2017-08-02 22:45:53.592585	2017-08-02 22:45:53.592585
\.


--
-- Name: tier_lists_id_seq; Type: SEQUENCE SET; Schema: public; Owner: jacksonhoang
--

SELECT pg_catalog.setval('tier_lists_id_seq', 52, true);


--
-- Data for Name: users; Type: TABLE DATA; Schema: public; Owner: jacksonhoang
--

COPY users (id, user_name, first_name, last_name, password_digest, email, created_at, updated_at) FROM stdin;
1	Clyde	\N	\N	$2a$04$Hs00W2CHB5V6zFRl9LS8YOwdICp03E8sCiXduhuCuZAr/U/AsOB06	clyde@crapp.com	2017-07-31 23:29:11.41986	2017-07-31 23:29:11.41986
2	Bonnie	\N	\N	$2a$04$cJIKM0i5w8xa/E0anLbCpe4UIimG.82StTf5zo2M3amUM/clkS.O.	bonnie@crapp.com	2017-07-31 23:29:11.458502	2017-07-31 23:29:11.458502
3	Trainer Chris	\N	\N	$2a$04$2BDS8SXIXSppCW1BdQr8J.rT5gsZ9q/9epASDAfeoYTEhouVvjXbG	tc@crapp.com	2017-07-31 23:29:11.461521	2017-07-31 23:29:11.461521
4	CMcHugh	\N	\N	$2a$04$VLt1KZayWEtaBogtscZdbejB3FkONM8S1DXcO8XEc.7Oc/J6y4ws.	cmchugh@crapp.com	2017-07-31 23:29:11.464638	2017-07-31 23:29:11.464638
5	Woody	\N	\N	$2a$04$OBLEFhJPjYq7jivGXQmW0.G942i7W/SBXbE1smdiH9koAQv03aay2	woody@crapp.com	2017-07-31 23:29:11.467594	2017-07-31 23:29:11.467594
6	Perseus	\N	\N	$2a$04$LLMpSm9NPkkKuBjNVm8OC.NETIP6lcNeoUnsTmLwtzfsn56T7/T/6	perseus@crapp.com	2017-07-31 23:29:11.470538	2017-07-31 23:29:11.470538
7	Intel	\N	\N	$2a$04$06rgGEooexy5NVt7nSOyP.XK1uH2v1u4SC0XAq6tjGjhjhQXNlBq.	intel@crapp.com	2017-07-31 23:29:11.473443	2017-07-31 23:29:11.473443
\.


--
-- Name: users_id_seq; Type: SEQUENCE SET; Schema: public; Owner: jacksonhoang
--

SELECT pg_catalog.setval('users_id_seq', 7, true);


--
-- Name: ar_internal_metadata ar_internal_metadata_pkey; Type: CONSTRAINT; Schema: public; Owner: jacksonhoang
--

ALTER TABLE ONLY ar_internal_metadata
    ADD CONSTRAINT ar_internal_metadata_pkey PRIMARY KEY (key);


--
-- Name: comments comments_pkey; Type: CONSTRAINT; Schema: public; Owner: jacksonhoang
--

ALTER TABLE ONLY comments
    ADD CONSTRAINT comments_pkey PRIMARY KEY (id);


--
-- Name: schema_migrations schema_migrations_pkey; Type: CONSTRAINT; Schema: public; Owner: jacksonhoang
--

ALTER TABLE ONLY schema_migrations
    ADD CONSTRAINT schema_migrations_pkey PRIMARY KEY (version);


--
-- Name: tier_lists tier_lists_pkey; Type: CONSTRAINT; Schema: public; Owner: jacksonhoang
--

ALTER TABLE ONLY tier_lists
    ADD CONSTRAINT tier_lists_pkey PRIMARY KEY (id);


--
-- Name: users users_pkey; Type: CONSTRAINT; Schema: public; Owner: jacksonhoang
--

ALTER TABLE ONLY users
    ADD CONSTRAINT users_pkey PRIMARY KEY (id);


--
-- Name: index_comments_on_parent_comment_id; Type: INDEX; Schema: public; Owner: jacksonhoang
--

CREATE INDEX index_comments_on_parent_comment_id ON comments USING btree (parent_comment_id);


--
-- Name: index_comments_on_tier_list_id; Type: INDEX; Schema: public; Owner: jacksonhoang
--

CREATE INDEX index_comments_on_tier_list_id ON comments USING btree (tier_list_id);


--
-- Name: index_comments_on_user_id; Type: INDEX; Schema: public; Owner: jacksonhoang
--

CREATE INDEX index_comments_on_user_id ON comments USING btree (user_id);


--
-- Name: index_tier_lists_on_user_id; Type: INDEX; Schema: public; Owner: jacksonhoang
--

CREATE INDEX index_tier_lists_on_user_id ON tier_lists USING btree (user_id);


--
-- PostgreSQL database dump complete
--

