--
-- PostgreSQL database dump
--

-- Dumped from database version 9.6.1
-- Dumped by pg_dump version 9.6.1

SET statement_timeout = 0;
SET lock_timeout = 0;
SET idle_in_transaction_session_timeout = 0;
SET client_encoding = 'UTF8';
SET standard_conforming_strings = on;
SET check_function_bodies = false;
SET client_min_messages = warning;
SET row_security = off;

--
-- Name: plpgsql; Type: EXTENSION; Schema: -; Owner: 
--

CREATE EXTENSION IF NOT EXISTS plpgsql WITH SCHEMA pg_catalog;


--
-- Name: EXTENSION plpgsql; Type: COMMENT; Schema: -; Owner: 
--

COMMENT ON EXTENSION plpgsql IS 'PL/pgSQL procedural language';


SET search_path = public, pg_catalog;

SET default_tablespace = '';

SET default_with_oids = false;

--
-- Name: ar_internal_metadata; Type: TABLE; Schema: public; Owner: jacksonhoang
--

CREATE TABLE ar_internal_metadata (
    key character varying NOT NULL,
    value character varying,
    created_at timestamp without time zone NOT NULL,
    updated_at timestamp without time zone NOT NULL
);


ALTER TABLE ar_internal_metadata OWNER TO jacksonhoang;

--
-- Name: schema_migrations; Type: TABLE; Schema: public; Owner: jacksonhoang
--

CREATE TABLE schema_migrations (
    version character varying NOT NULL
);


ALTER TABLE schema_migrations OWNER TO jacksonhoang;

--
-- Name: tier_lists; Type: TABLE; Schema: public; Owner: jacksonhoang
--

CREATE TABLE tier_lists (
    id integer NOT NULL,
    user_id integer,
    title character varying,
    list_type integer,
    description text,
    upvotes integer DEFAULT 0,
    tier_positions jsonb DEFAULT '[]'::jsonb,
    created_at timestamp without time zone NOT NULL,
    updated_at timestamp without time zone NOT NULL
);


ALTER TABLE tier_lists OWNER TO jacksonhoang;

--
-- Name: tier_lists_id_seq; Type: SEQUENCE; Schema: public; Owner: jacksonhoang
--

CREATE SEQUENCE tier_lists_id_seq
    START WITH 1
    INCREMENT BY 1
    NO MINVALUE
    NO MAXVALUE
    CACHE 1;


ALTER TABLE tier_lists_id_seq OWNER TO jacksonhoang;

--
-- Name: tier_lists_id_seq; Type: SEQUENCE OWNED BY; Schema: public; Owner: jacksonhoang
--

ALTER SEQUENCE tier_lists_id_seq OWNED BY tier_lists.id;


--
-- Name: users; Type: TABLE; Schema: public; Owner: jacksonhoang
--

CREATE TABLE users (
    id integer NOT NULL,
    user_name character varying,
    first_name character varying,
    last_name character varying,
    password_digest character varying,
    email character varying,
    created_at timestamp without time zone NOT NULL,
    updated_at timestamp without time zone NOT NULL
);


ALTER TABLE users OWNER TO jacksonhoang;

--
-- Name: users_id_seq; Type: SEQUENCE; Schema: public; Owner: jacksonhoang
--

CREATE SEQUENCE users_id_seq
    START WITH 1
    INCREMENT BY 1
    NO MINVALUE
    NO MAXVALUE
    CACHE 1;


ALTER TABLE users_id_seq OWNER TO jacksonhoang;

--
-- Name: users_id_seq; Type: SEQUENCE OWNED BY; Schema: public; Owner: jacksonhoang
--

ALTER SEQUENCE users_id_seq OWNED BY users.id;


--
-- Name: tier_lists id; Type: DEFAULT; Schema: public; Owner: jacksonhoang
--

ALTER TABLE ONLY tier_lists ALTER COLUMN id SET DEFAULT nextval('tier_lists_id_seq'::regclass);


--
-- Name: users id; Type: DEFAULT; Schema: public; Owner: jacksonhoang
--

ALTER TABLE ONLY users ALTER COLUMN id SET DEFAULT nextval('users_id_seq'::regclass);


--
-- Data for Name: ar_internal_metadata; Type: TABLE DATA; Schema: public; Owner: jacksonhoang
--

COPY ar_internal_metadata (key, value, created_at, updated_at) FROM stdin;
environment	test	2017-07-26 00:21:27.389936	2017-07-26 00:21:27.389936
\.


--
-- Data for Name: schema_migrations; Type: TABLE DATA; Schema: public; Owner: jacksonhoang
--

COPY schema_migrations (version) FROM stdin;
20170618170813
20170618170825
\.


--
-- Data for Name: tier_lists; Type: TABLE DATA; Schema: public; Owner: jacksonhoang
--

COPY tier_lists (id, user_id, title, list_type, description, upvotes, tier_positions, created_at, updated_at) FROM stdin;
1	1	Clyde's Tournament Tier List	1	Comprehensive tier list for tournament capped cards. Based on tournament play and challenge play. Bi-weekly tier list!	0	[{"name": "S-tier", "cards": ["Bomber", "Bowler", "Bomb Tower"], "notes": "Bomber just reached S tier!", "description": "The best cards in the game"}, {"name": "A-tier", "cards": ["Barbarian Hut", "Baby Dragon"], "notes": "Barbarian Hut might move up soon", "description": "The second best cards in the game"}]	2017-07-26 00:21:29.141121	2017-07-26 00:21:29.141121
2	1	Clyde's Ladder Tier List	2	Tier list for high trophy ladder play! (5000+)	0	[{"name": "S-tier", "cards": ["Lava Hound", "Miner", "The Log"], "notes": "Miner reigns supreme", "description": "Good cards as long as you have the levels for it"}, {"name": "A-tier", "cards": ["Golem", "Giant"], "notes": "Tank heavy meta", "description": "Still good even if underleveled"}]	2017-07-26 00:21:29.144903	2017-07-26 00:21:29.144903
3	2	Bonnie's Tournament Tier List	1	Comprehensive tier list for tournament capped cards. Based on tournament play and challenge play. Bi-weekly tier list!	0	[{"name": "Awesome tier", "cards": ["Bomber", "Bowler", "Bomb Tower"], "notes": "Bomber just reached S tier!", "description": "The best cards in the game"}, {"name": "Great tier", "cards": ["Barbarian Hut", "Baby Dragon"], "notes": "Barbarian Hut might move up soon", "description": "The second best cards in the game"}, {"name": "Good tier", "cards": ["Barbarians", "Battle Ram"], "notes": "", "description": "The third best cards in the game"}, {"name": "Okay tier", "cards": ["Elite Barbarians", "Lightning"], "notes": "", "description": "The fourth best cards in the game"}, {"name": "Bad tier", "cards": ["Lumberjack", "Witch"], "notes": "", "description": "The worst cards in the game"}]	2017-07-26 00:21:29.168291	2017-07-26 00:21:29.168291
4	6	Random tournament list	1	Tier list for high trophy ladder play! (5000+)	0	[{"name": "S-tier", "cards": ["Lava Hound", "Miner", "The Log"], "notes": "Miner reigns supreme", "description": "Good cards as long as you have the levels for it"}, {"name": "A-tier", "cards": ["Golem", "Giant"], "notes": "Tank heavy meta", "description": "Still good even if underleveled"}]	2017-07-26 00:21:29.172615	2017-07-26 00:21:29.172615
5	2	2v2 list by Bonnie	3	2v2 ladder/clan/challenge play	0	[{"name": "S-tier", "cards": ["Tornado", "Executioner", "Rocket", "Inferno Tower"], "notes": "The best cards for duo play", "description": "Good cards as long as you have the levels for it"}, {"name": "A-tier", "cards": ["Lightning", "Bowler"], "notes": "Tank heavy meta", "description": "Still good even if underleveled"}]	2017-07-26 00:21:29.1764	2017-07-26 00:21:29.1764
6	3	2v2 list by Trainer Chris	3	2v2 ladder/clan/challenge play	0	[{"name": "S-tier", "cards": ["Tornado", "Executioner", "Rocket", "Inferno Tower"], "notes": "The best cards for duo play", "description": "Good cards as long as you have the levels for it"}, {"name": "A-tier", "cards": ["Lightning", "Bowler"], "notes": "Tank heavy meta", "description": "Still good even if underleveled"}]	2017-07-26 00:21:29.187674	2017-07-26 00:21:29.187674
7	4	2v2 list by CMcHugh	3	2v2 ladder/clan/challenge play	0	[{"name": "S-tier", "cards": ["Tornado", "Executioner", "Rocket", "Inferno Tower"], "notes": "The best cards for duo play", "description": "Good cards as long as you have the levels for it"}, {"name": "A-tier", "cards": ["Lightning", "Bowler"], "notes": "Tank heavy meta", "description": "Still good even if underleveled"}]	2017-07-26 00:21:29.191735	2017-07-26 00:21:29.191735
8	5	2v2 list by Woody	3	2v2 ladder/clan/challenge play	0	[{"name": "S-tier", "cards": ["Tornado", "Executioner", "Rocket", "Inferno Tower"], "notes": "The best cards for duo play", "description": "Good cards as long as you have the levels for it"}, {"name": "A-tier", "cards": ["Lightning", "Bowler"], "notes": "Tank heavy meta", "description": "Still good even if underleveled"}]	2017-07-26 00:21:29.195675	2017-07-26 00:21:29.195675
9	6	2v2 list by Perseus	3	2v2 ladder/clan/challenge play	0	[{"name": "S-tier", "cards": ["Tornado", "Executioner", "Rocket", "Inferno Tower"], "notes": "The best cards for duo play", "description": "Good cards as long as you have the levels for it"}, {"name": "A-tier", "cards": ["Lightning", "Bowler"], "notes": "Tank heavy meta", "description": "Still good even if underleveled"}]	2017-07-26 00:21:29.199573	2017-07-26 00:21:29.199573
10	7	2v2 list by Intel	3	2v2 ladder/clan/challenge play	0	[{"name": "S-tier", "cards": ["Tornado", "Executioner", "Rocket", "Inferno Tower"], "notes": "The best cards for duo play", "description": "Good cards as long as you have the levels for it"}, {"name": "A-tier", "cards": ["Lightning", "Bowler"], "notes": "Tank heavy meta", "description": "Still good even if underleveled"}]	2017-07-26 00:21:29.203127	2017-07-26 00:21:29.203127
11	2	Draft tier list #1	4	Tier list for Draft play!	0	[{"name": "S-tier", "cards": ["Tornado", "Executioner", "Rocket", "Inferno Tower"], "notes": "The best cards for duo play", "description": "Good cards as long as you have the levels for it"}, {"name": "A-tier", "cards": ["Lightning", "Bowler"], "notes": "Tank heavy meta", "description": "Still good even if underleveled"}]	2017-07-26 00:21:29.206815	2017-07-26 00:21:29.206815
12	3	Draft tier list #2	4	Tier list for Draft play!	0	[{"name": "S-tier", "cards": ["Tornado", "Executioner", "Rocket", "Inferno Tower"], "notes": "The best cards for duo play", "description": "Good cards as long as you have the levels for it"}, {"name": "A-tier", "cards": ["Lightning", "Bowler"], "notes": "Tank heavy meta", "description": "Still good even if underleveled"}]	2017-07-26 00:21:29.210316	2017-07-26 00:21:29.210316
13	4	Draft tier list #3	4	Tier list for Draft play!	0	[{"name": "S-tier", "cards": ["Tornado", "Executioner", "Rocket", "Inferno Tower"], "notes": "The best cards for duo play", "description": "Good cards as long as you have the levels for it"}, {"name": "A-tier", "cards": ["Lightning", "Bowler"], "notes": "Tank heavy meta", "description": "Still good even if underleveled"}]	2017-07-26 00:21:29.213463	2017-07-26 00:21:29.213463
14	5	Draft tier list #4	4	Tier list for Draft play!	0	[{"name": "S-tier", "cards": ["Tornado", "Executioner", "Rocket", "Inferno Tower"], "notes": "The best cards for duo play", "description": "Good cards as long as you have the levels for it"}, {"name": "A-tier", "cards": ["Lightning", "Bowler"], "notes": "Tank heavy meta", "description": "Still good even if underleveled"}]	2017-07-26 00:21:29.216377	2017-07-26 00:21:29.216377
15	6	Draft tier list #5	4	Tier list for Draft play!	0	[{"name": "S-tier", "cards": ["Tornado", "Executioner", "Rocket", "Inferno Tower"], "notes": "The best cards for duo play", "description": "Good cards as long as you have the levels for it"}, {"name": "A-tier", "cards": ["Lightning", "Bowler"], "notes": "Tank heavy meta", "description": "Still good even if underleveled"}]	2017-07-26 00:21:29.219927	2017-07-26 00:21:29.219927
16	7	Draft tier list #6	4	Tier list for Draft play!	0	[{"name": "S-tier", "cards": ["Tornado", "Executioner", "Rocket", "Inferno Tower"], "notes": "The best cards for duo play", "description": "Good cards as long as you have the levels for it"}, {"name": "A-tier", "cards": ["Lightning", "Bowler"], "notes": "Tank heavy meta", "description": "Still good even if underleveled"}]	2017-07-26 00:21:29.223857	2017-07-26 00:21:29.223857
17	2	Draft tier list #7	4	Tier list for Draft play!	0	[{"name": "S-tier", "cards": ["Tornado", "Executioner", "Rocket", "Inferno Tower"], "notes": "The best cards for duo play", "description": "Good cards as long as you have the levels for it"}, {"name": "A-tier", "cards": ["Lightning", "Bowler"], "notes": "Tank heavy meta", "description": "Still good even if underleveled"}]	2017-07-26 00:21:29.227874	2017-07-26 00:21:29.227874
18	3	Draft tier list #8	4	Tier list for Draft play!	0	[{"name": "S-tier", "cards": ["Tornado", "Executioner", "Rocket", "Inferno Tower"], "notes": "The best cards for duo play", "description": "Good cards as long as you have the levels for it"}, {"name": "A-tier", "cards": ["Lightning", "Bowler"], "notes": "Tank heavy meta", "description": "Still good even if underleveled"}]	2017-07-26 00:21:29.231154	2017-07-26 00:21:29.231154
19	4	Draft tier list #9	4	Tier list for Draft play!	0	[{"name": "S-tier", "cards": ["Tornado", "Executioner", "Rocket", "Inferno Tower"], "notes": "The best cards for duo play", "description": "Good cards as long as you have the levels for it"}, {"name": "A-tier", "cards": ["Lightning", "Bowler"], "notes": "Tank heavy meta", "description": "Still good even if underleveled"}]	2017-07-26 00:21:29.234831	2017-07-26 00:21:29.234831
20	5	Draft tier list #10	4	Tier list for Draft play!	0	[{"name": "S-tier", "cards": ["Tornado", "Executioner", "Rocket", "Inferno Tower"], "notes": "The best cards for duo play", "description": "Good cards as long as you have the levels for it"}, {"name": "A-tier", "cards": ["Lightning", "Bowler"], "notes": "Tank heavy meta", "description": "Still good even if underleveled"}]	2017-07-26 00:21:29.238623	2017-07-26 00:21:29.238623
21	6	Draft tier list #11	4	Tier list for Draft play!	0	[{"name": "S-tier", "cards": ["Tornado", "Executioner", "Rocket", "Inferno Tower"], "notes": "The best cards for duo play", "description": "Good cards as long as you have the levels for it"}, {"name": "A-tier", "cards": ["Lightning", "Bowler"], "notes": "Tank heavy meta", "description": "Still good even if underleveled"}]	2017-07-26 00:21:29.242415	2017-07-26 00:21:29.242415
22	7	Draft tier list #12	4	Tier list for Draft play!	0	[{"name": "S-tier", "cards": ["Tornado", "Executioner", "Rocket", "Inferno Tower"], "notes": "The best cards for duo play", "description": "Good cards as long as you have the levels for it"}, {"name": "A-tier", "cards": ["Lightning", "Bowler"], "notes": "Tank heavy meta", "description": "Still good even if underleveled"}]	2017-07-26 00:21:29.245929	2017-07-26 00:21:29.245929
\.


--
-- Name: tier_lists_id_seq; Type: SEQUENCE SET; Schema: public; Owner: jacksonhoang
--

SELECT pg_catalog.setval('tier_lists_id_seq', 22, true);


--
-- Data for Name: users; Type: TABLE DATA; Schema: public; Owner: jacksonhoang
--

COPY users (id, user_name, first_name, last_name, password_digest, email, created_at, updated_at) FROM stdin;
1	Clyde	\N	\N	$2a$04$Br1zqzrEwPKBDN/yoqcVC.U9rqVkybGpHd51jA1GRWwu5SWOyn3NO	clyde@crapp.com	2017-07-26 00:21:29.112188	2017-07-26 00:21:29.112188
2	Bonnie	\N	\N	$2a$04$P/sQqBhVogCWAUK1ZhK/dexFNKd4HftGiWGnXTqmeQm4PDVbhhZvi	bonnie@crapp.com	2017-07-26 00:21:29.148581	2017-07-26 00:21:29.148581
3	Trainer Chris	\N	\N	$2a$04$mdpMgTYXWFYmAP/92tYqDOWc3kM/NhBEtaV51vhOVW9C7X9Lppa4u	tc@crapp.com	2017-07-26 00:21:29.15196	2017-07-26 00:21:29.15196
4	CMcHugh	\N	\N	$2a$04$8LFtP8aTEi31KBz5irxwv.I3WJt.5Sy8RusrQNwSWi5y2Do.cnfo.	cmchugh@crapp.com	2017-07-26 00:21:29.155112	2017-07-26 00:21:29.155112
5	Woody	\N	\N	$2a$04$O81s5TDb2e3YVMai.hw5quBe/raqjYTEkGxGr/n5Ddw27/hmsX5jy	woody@crapp.com	2017-07-26 00:21:29.157652	2017-07-26 00:21:29.157652
6	Perseus	\N	\N	$2a$04$2WmJ3WeJe4B5Kh0RrWjlTOcVrubN3FjGKYKK6XswVXPqn2q5zHKxa	perseus@crapp.com	2017-07-26 00:21:29.160976	2017-07-26 00:21:29.160976
7	Intel	\N	\N	$2a$04$m3QP.1IaJU/kntZm4p1hCudooSi4EaiN8kuHeFTjiUmeFeHeck2p.	intel@crapp.com	2017-07-26 00:21:29.164593	2017-07-26 00:21:29.164593
\.


--
-- Name: users_id_seq; Type: SEQUENCE SET; Schema: public; Owner: jacksonhoang
--

SELECT pg_catalog.setval('users_id_seq', 7, true);


--
-- Name: ar_internal_metadata ar_internal_metadata_pkey; Type: CONSTRAINT; Schema: public; Owner: jacksonhoang
--

ALTER TABLE ONLY ar_internal_metadata
    ADD CONSTRAINT ar_internal_metadata_pkey PRIMARY KEY (key);


--
-- Name: schema_migrations schema_migrations_pkey; Type: CONSTRAINT; Schema: public; Owner: jacksonhoang
--

ALTER TABLE ONLY schema_migrations
    ADD CONSTRAINT schema_migrations_pkey PRIMARY KEY (version);


--
-- Name: tier_lists tier_lists_pkey; Type: CONSTRAINT; Schema: public; Owner: jacksonhoang
--

ALTER TABLE ONLY tier_lists
    ADD CONSTRAINT tier_lists_pkey PRIMARY KEY (id);


--
-- Name: users users_pkey; Type: CONSTRAINT; Schema: public; Owner: jacksonhoang
--

ALTER TABLE ONLY users
    ADD CONSTRAINT users_pkey PRIMARY KEY (id);


--
-- Name: index_tier_lists_on_user_id; Type: INDEX; Schema: public; Owner: jacksonhoang
--

CREATE INDEX index_tier_lists_on_user_id ON tier_lists USING btree (user_id);


--
-- PostgreSQL database dump complete
--

